﻿<?xml version="1.0" encoding="utf-8"?>
<manifest identifier="_6O6L6EqPvwV" version="1.0" xmlns="http://www.imsproject.org/xsd/imscp_rootv1p1p2" xmlns:adlcp="http://www.adlnet.org/xsd/adlcp_rootv1p2" xmlns:xsi="http://www.w3.org/2001/XMLSchema-instance" xsi:schemaLocation="http://www.imsproject.org/xsd/imscp_rootv1p1p2 imscp_rootv1p1p2.xsd http://www.imsglobal.org/xsd/imsmd_rootv1p2p1 imsmd_rootv1p2p1.xsd http://www.adlnet.org/xsd/adlcp_rootv1p2 adlcp_rootv1p2.xsd">
  <metadata>
    <schema>ADL SCORM</schema>
    <schemaversion>1.2</schemaversion>
    <lom xmlns="http://www.imsglobal.org/xsd/imsmd_rootv1p2p1" xmlns:xsi="http://www.w3.org/2001/XMLSchema-instance" xsi:schemaLocation="http://www.imsglobal.org/xsd/imsmd_rootv1p2p1 imsmd_rootv1p2p1.xsd">
      <general>
        <title>
          <langstring xml:lang="x-none">MTO Checks</langstring>
        </title>
      </general>
      <lifecycle>
        <version>
          <langstring xml:lang="x-none">1</langstring>
        </version>
        <status>
          <source>
            <langstring xml:lang="x-none">LOMv1.0</langstring>
          </source>
          <value>
            <langstring xml:lang="x-none">Final</langstring>
          </value>
        </status>
      </lifecycle>
      <metametadata>
        <metadatascheme>ADL SCORM 1.2</metadatascheme>
      </metametadata>
      <educational>
        <typicallearningtime>
          <datetime>PT0H0M0S</datetime>
        </typicallearningtime>
      </educational>
      <rights>
        <cost>
          <source>
            <langstring xml:lang="x-none">LOMv1.0</langstring>
          </source>
          <value>
            <langstring xml:lang="x-none">yes</langstring>
          </value>
        </cost>
        <copyrightandotherrestrictions>
          <source>
            <langstring xml:lang="x-none">LOMv1.0</langstring>
          </source>
          <value>
            <langstring xml:lang="x-none">yes</langstring>
          </value>
        </copyrightandotherrestrictions>
      </rights>
    </lom>
  </metadata>
  <organizations default="MTO_Checks_ORG">
    <organization identifier="MTO_Checks_ORG">
      <title>MTO Checks</title>
      <item identifier="Untitled1_SCO" isvisible="true" identifierref="__6O6L6EqPvwV_RES">
        <title>MTO Checks</title>
      </item>
    </organization>
  </organizations>
  <resources>
    <resource identifier="__6O6L6EqPvwV_RES" type="webcontent" href="index_lms.html" adlcp:scormtype="sco">
      <file href="story_content/thumbnail.jpg" />
      <file href="story_content/6eewta5qSL9.js" />
      <file href="mobile/6n4tkrTrthp.png" />
      <file href="mobile/5tpGy4xoX3z.png" />
      <file href="mobile/6eWufCzLSzr_M_308_308.png" />
      <file href="mobile/5gsPZ41oasH_M_308_308.png" />
      <file href="mobile/5VeO3NZoQDK.png" />
      <file href="mobile/6AKzt5wzkF8.png" />
      <file href="mobile/6qCIRvSWGPh.png" />
      <file href="story_content/68htjVX9pFw.js" />
      <file href="story_content/5a2RknuWA6Z.js" />
      <file href="story_content/video_6EwUSTDO8rs_5_48_960x540.mp4" />
      <file href="story_content/6pnWKlE6D8Z_captions.js" />
      <file href="mobile/poster_6pnWKlE6D8Z_video_6EwUSTDO8rs_5_48_960x540.jpg" />
      <file href="story_content/6pnWKlE6D8Z_transcripts.js" />
      <file href="story_content/video_6jL0teRw2gJ_5_48_960x540.mp4" />
      <file href="mobile/poster_5gpUYDFoOfQ_video_6jL0teRw2gJ_5_48_960x540.jpg" />
      <file href="meta.xml" />
      <file href="story_content/triggers.js" />
      <file href="story_content/user.js" />
      <file href="story_content/external_files/One Pager MTO Checks.pdf" />
      <file href="story_content/external_files/One Pager MTO Checks (FR).pdf" />
      <file href="html5/data/css/output.min.css" />
      <file href="html5/data/js/5YrfE4iE7Ef.js" />
      <file href="html5/data/js/6ggBi2V5egQ.js" />
      <file href="html5/data/js/6QhIz2SkXK5.js" />
      <file href="html5/data/js/data.js" />
      <file href="html5/data/js/frame.js" />
      <file href="html5/data/js/paths.js" />
      <file href="html5/lib/scripts/bootstrapper.min.js" />
      <file href="html5/lib/scripts/frame.desktop.min.js" />
      <file href="html5/lib/scripts/frame.mobile.min.js" />
      <file href="html5/lib/scripts/slides.min.js" />
      <file href="html5/lib/stylesheets/desktop.min.css" />
      <file href="html5/lib/stylesheets/mobile.min.css" />
      <file href="html5/lib/stylesheets/mobile-fonts/open-sans-bold.woff" />
      <file href="html5/lib/stylesheets/mobile-fonts/open-sans-light.woff" />
      <file href="html5/lib/stylesheets/mobile-fonts/open-sans-regular.woff" />
      <file href="analytics-frame.html" />
      <file href="story.html" />
      <file href="index_lms.html" />
      <file href="lms/AICCComm.html" />
      <file href="lms/blank.html" />
      <file href="lms/browsersniff.js" />
      <file href="lms/goodbye.html" />
      <file href="lms/scormdriver.js" />
    </resource>
  </resources>
</manifest>